信源ID,信源名称,层级,标题,记录URL,日期,发文号,数据来源
ah-zjw,安徽省住房和城乡建设厅,省级,关于公开征求《安徽省城市更新条例（草案）》（征求意见稿）意见的通知,https://dohurd.ah.gov.cn/content/article/58250971,,,自动
bj-ft,丰台区人民政府,区级,《您说我办》——走进和义东里老旧小区改造,http://www.bjft.gov.cn/hdjl/zxft/202607/t20260707_218285.shtml,2026-07-07,,自动
bj-ghzrzyw,市规划自然资源委,市级,一图读懂｜《北京市深化与城市更新相适应的街区控规管理改革实施意见》,https://ghzrzyw.beijing.gov.cn/zhengwuxinxi/2024zcjd/202607/t20260728_4794683.html,2026-07-28,,自动
bj-ghzrzyw,市规划自然资源委,市级,权威解读｜《北京市深化与城市更新相适应的街区控规管理改革实施意见》,https://ghzrzyw.beijing.gov.cn/zhengwuxinxi/2024zcjd/202607/t20260728_4794670.html,2026-07-28,,自动
bj-portal,首都之窗·北京城市更新专栏,市级,国务院关于印发《城市更新  “十五五”规划》的通知,https://www.gov.cn/zhengce/content/202605/content_7070539.htm,2026-05,,自动
bj-portal,首都之窗·北京城市更新专栏,市级,中共中央办公厅 国务院办公厅  关于持续推进城市更新行动的意见,https://www.gov.cn/gongbao/2025/issue_12066/202505/content_7025479.html,2025-05,,自动
bj-portal,首都之窗·北京城市更新专栏,市级,住房和城乡建设部办公厅关于在城市更新改造中切实加强历史文化保护坚决制止破坏行为的通知,https://www.mohurd.gov.cn/gongkai/zc/wjk/art/2020/art_17339_246832.html,,,自动
bj-portal,首都之窗·北京城市更新专栏,市级,住房和城乡建设部关于在实施城市更新行动中防止大拆大建问题的通知,https://www.gov.cn/zhengce/zhengceku/2021-08/31/content_5634560.htm,,,自动
bj-portal,首都之窗·北京城市更新专栏,市级,住房和城乡建设部办公厅关于印发实施城市更新行动可复制经验做法清单（第一批）的通知,https://www.mohurd.gov.cn/gongkai/zc/wjk/art/2024/art_17339_769183.html,,,自动
bj-portal,首都之窗·北京城市更新专栏,市级,住房和城乡建设部办公厅关于开展第一批城市更新试点工作的通知,https://www.mohurd.gov.cn/gongkai/zc/wjk/art/2021/art_17339_762839.html,,,自动
bj-portal,首都之窗·北京城市更新专栏,市级,住房城乡建设部办公厅关于印发实施城市更新行动可复制经验做法清单（第二批）的通知,https://www.mohurd.gov.cn/gongkai/zc/wjk/art/2023/art_17339_775025.html,,,自动
bj-portal,首都之窗·北京城市更新专栏,市级,北京市城市更新条例,https://www.beijing.gov.cn/zhengce/dfxfg/202212/t20221206_2871600.html,2022-12-06,,自动
bj-portal,首都之窗·北京城市更新专栏,市级,北京市城市更新行动计划（2021-2025年）,https://www.beijing.gov.cn/zhengce/zhengcefagui/202108/t20210831_2480185.html,2021-08-31,,自动
bj-portal,首都之窗·北京城市更新专栏,市级,北京市城市更新专项规划（北京市“十四五”时期城市更新规划）,https://www.beijing.gov.cn/zhengce/zhengcefagui/202205/t20220518_2715630.html,2022-05-18,,自动
bj-portal,首都之窗·北京城市更新专栏,市级,关于发布《北京市城市更新政策激励工具箱 （1.0版）》的通知,https://zjw.beijing.gov.cn/bjjs/xxgk/zcwj2024/qtzcwj/xxyx13/743895417/index.shtml,,,自动
bj-portal,首都之窗·北京城市更新专栏,市级,北京市规划和自然资源委员会 北京市住房和城乡建设委员会关于印发《关于深化建筑规模管理激励城市更新的管理规定（试行）》的通知,https://ghzrzyw.beijing.gov.cn/zhengwuxinxi/zcwj/qtwj/202605/t20260526_4666378.html,2026-05-26,,自动
bj-portal,首都之窗·北京城市更新专栏,市级,北京市规划和自然资源委员会 北京市住房和城乡建设委员会关于印发《北京市城市更新范围内无手续建筑认定处理指导意见（试行）》的通知,https://www.beijing.gov.cn/zhengce/zhengcefagui/202601/t20260108_4411281.html,2026-01-08,,自动
bj-portal,首都之窗·北京城市更新专栏,市级,关于城市更新过程中对国有土地上私有房屋实施房屋征收有关事项的通知,https://www.beijing.gov.cn/zhengce/zhengcefagui/202409/t20240926_3907261.html,2024-09-26,,自动
bj-portal,首都之窗·北京城市更新专栏,市级,经开区地铁万源街站点周边片区城市更新项目,https://www.beijing.gov.cn/fuwu/lqfw/ztzl/bjchshgx/zjshj/zjshj/202509/t20250911_4199707.html,2025-09-11,,自动
bj-zjw-csgx,市住建委·城市更新主题分类,市级,北京市住房和城乡建设委员会等5部门 印发《关于优化本市城市更新项目审批服务推动并联办理...,https://zjw.beijing.gov.cn/bjjs/xxgk/zcwj2024/qtzcwj/xxyx13/743770327/index.shtml,2024-10-10,,自动
bj-zjw-csgx,市住建委·城市更新主题分类,市级,北京市住房和城乡建设委员会 北京市规划和自然资源委员会 关于印发《北京市城市更新实施单...,https://zjw.beijing.gov.cn/bjjs/xxgk/zcwj2024/qtzcwj/xxyx13/743770254/index.shtml,2024-09-09,,自动
bj-zjw-csgx,市住建委·城市更新主题分类,市级,北京市住房和城乡建设委员会关于印发《北京市城市更新实施方案编制工作指南（试行）》的通...,https://zjw.beijing.gov.cn/bjjs/xxgk/zcwj2024/qtzcwj/xxyx13/743667581/index.shtml,2024-05-23,,自动
bj-zjw-csgx,市住建委·城市更新主题分类,市级,北京市住房和城乡建设委员会关于印发《北京市城市更新实施单元统筹主体确定管理办法（试行...,https://zjw.beijing.gov.cn/bjjs/xxgk/zcwj2024/gfxwj40/xxyx/436456282/index.shtml,2024-04-10,,自动
bj-zjw-csgx,市住建委·城市更新主题分类,市级,北京市住房和城乡建设委员会关于印发《北京市城市更新项目库管理办法（试行）》的通知,https://zjw.beijing.gov.cn/bjjs/xxgk/zcwj2024/gfxwj40/xxyx/436456233/index.shtml,2024-04-10,,自动
bj-zjw-csgx,市住建委·城市更新主题分类,市级,北京市住房和城乡建设委员会关于印发《北京市城市更新专家委员会管理办法（试行）》的通知,https://zjw.beijing.gov.cn/bjjs/xxgk/zcwj2024/gfxwj40/xxyx/436456213/index.shtml,2024-04-10,,自动
bj-zjw-csgx,市住建委·城市更新主题分类,市级,城市更新,https://www.beijing.gov.cn/fuwu/lqfw/ztzl/bjchshgx/index.html,,,自动
cq-zjw,重庆市住房和城乡建设委员会,市级,老社区新生活 九龙坡这两个老旧社区城市更新改到了居民心坎上,https://zfcxjw.cq.gov.cn/zwxx_166/zwyw/202607/t20260728_15865039.html,2026-07-28,,自动
cq-zjw,重庆市住房和城乡建设委员会,市级,山城风貌升级提档 上半年重庆多个城市更新、风貌提升项目项目落地见效,https://zfcxjw.cq.gov.cn/zwxx_166/zwyw/202607/t20260707_15805556.html,2026-07-07,,自动
cq-zjw,重庆市住房和城乡建设委员会,市级,关于发布《城镇老旧小区改造工程安全文明施工标准》的通知,https://zfcxjw.cq.gov.cn/zwxx_166/gsgg/202608/t20260811_15916851.html,2026-08-11,,自动
cq-zjw,重庆市住房和城乡建设委员会,市级,北碚最大“城中村”焕新 老居民住上“好房子”,https://zfcxjw.cq.gov.cn/zwxx_166/bmdt/qxdt/202607/t20260722_15842964.html,2026-07-22,,自动
cq-zjw,重庆市住房和城乡建设委员会,市级,重庆市城市更新技术导则（修订版）,https://zfcxjw.cq.gov.cn/zwgk_166/zfxxgkmls/zcwj/qtwj/202605/t20260507_15657286.html,2026-05-07,,自动
cq-zjw,重庆市住房和城乡建设委员会,市级,图文 | 《重庆市城市更新技术导则修订版》一图读懂,https://zfcxjw.cq.gov.cn/zwgk_166/zfxxgkmls/zcjd/ytdd/202605/t20260507_15657600.html,2026-05-07,,自动
cq-zjw,重庆市住房和城乡建设委员会,市级,推动“老房子”变成“好房子” 重庆城市更新住房好房子技术导则发布,https://www.cqnews.net/web/content_1517173399211315200.html,,,自动
gd-zjw,广东省住房和城乡建设厅,省级,习近平在上海考察时强调 全面践行人民城市理念 高质量推进城市更新,http://zfcxjst.gd.gov.cn/xwzx/rdgz/content/post_4926178.html,,,自动
gd-zjw,广东省住房和城乡建设厅,省级,广东城中村改造4项经验做法入选住房城乡建设部可复制可推广经验清单,http://zfcxjst.gd.gov.cn/xwzx/focus/content/post_4938393.html,,,自动
gd-zjw,广东省住房和城乡建设厅,省级,聚焦城市更新  赋能提质增效 ——推动城市高质量发展专题培训班暨第二十八期市长（书记）城建专题研究班顺利举办,http://zfcxjst.gd.gov.cn/xwzx/focus/content/post_4938150.html,,,自动
gd-zjw,广东省住房和城乡建设厅,省级,广东城中村改造4项经验做法入选住房城乡建设部可复制可推广经验清单,http://zfcxjst.gd.gov.cn/xwzx/zxdt/content/post_4938353.html,,,自动
gd-zjw,广东省住房和城乡建设厅,省级,三宗地块接连获批！广州坑口村城中村改造按下“加速键”,http://zfcxjst.gd.gov.cn/xwzx/gdzw/content/post_4916687.html,,,自动
gz-zfcxjst,贵州省住房和城乡建设厅,省级,贵阳：以城市更新之笔绘就民生幸福画卷,https://zfcxjst.guizhou.gov.cn/xwzx/hydt/202608/t20260811_90721463.html,2026-08-11,,自动
gz-zfcxjst,贵州省住房和城乡建设厅,省级,贵州城市更新：从“大拆大建”转向“留改拆增”——专访城市更新规划专家孙迪,https://zfcxjst.guizhou.gov.cn/xwzx/hydt/202608/t20260803_90687804.html,2026-08-03,,自动
gz-zjw-csgx,广州市住建局·城市更新专栏,市级,广州更新院受邀作城市更新专题授课,http://zfcj.gz.gov.cn/zjdt/zjxw/content/post_10959819.html,2026-08-11,,自动
gz-zjw-csgx,广州市住建局·城市更新专栏,市级,城市更新,http://zfcj.gz.gov.cn/zjyw/csgx/index.html,,,自动
gz-zjw-csgx,广州市住建局·城市更新专栏,市级,城市更新,http://zfcj.gz.gov.cn/zjyw/csgx/,,,自动
gz-zjw-csgx,广州市住建局·城市更新专栏,市级,广州更新院受邀作城市更新专题授课,http://zfcj.gz.gov.cn/zjyw/csgx/ywgz/content/post_10959835.html,2026-08-11,,自动
gz-zjw-csgx,广州市住建局·城市更新专栏,市级,广州市人民政府关于同意《花都区新街村、大陵村城市更新单元控制...,http://zfcj.gz.gov.cn/zjyw/csgx/gsgz/content/post_10909546.html,2026-02-10,,自动
gz-zjw-csgx,广州市住建局·城市更新专栏,市级,实施城市更新行动   推动城市高质量发展 |...,https://www.gz.gov.cn/zt/gzcsgh/,2026-07-09,,自动
gz-zjw-csgx,广州市住建局·城市更新专栏,市级,广州市更新院受邀参加2026城市更新投融资发展合作论坛并作主...,http://zfcj.gz.gov.cn/zjyw/csgx/ywgz/content/post_10777318.html,2026-04-20,,自动
gz-zjw-csgx,广州市住建局·城市更新专栏,市级,党建引领聚合力 城市更新谱新篇——六个党组织联合开展主题党日...,http://zfcj.gz.gov.cn/zjyw/csgx/ywgz/content/post_10738223.html,2026-03-24,,自动
gz-zjw-csgx,广州市住建局·城市更新专栏,市级,【转载】市住建局蔡胜：把城市更新打造为建筑业和现代化服务业深...,http://zfcj.gz.gov.cn/zjyw/csgx/ywgz/content/post_10698196.html,2026-02-25,,自动
gz-zjw,广州市住房和城乡建设局,市级,城市更新政策文件,http://zfcj.gz.gov.cn/zjyw/csgx/zcwj/index.html,,,自动
hb-zjw,湖北省住房和城乡建设厅,省级,张俊勇调研武汉市城市更新工作 2026-08-03,http://zjt.hubei.gov.cn/bmdt/dtyw/zjyw/202608/t20260804_5988413.shtml,2026-08-03,,自动
hb-zjw,湖北省住房和城乡建设厅,省级,经济日报：打造高品质生活空间 扎实推进城市更新 2026-08-11,http://zjt.hubei.gov.cn/bmdt/dtyw/mtjj/202608/t20260811_5992411.shtml,2026-08-11,,自动
hb-zjw,湖北省住房和城乡建设厅,省级,人民日报：城市更新记 2026-08-10,http://zjt.hubei.gov.cn/bmdt/dtyw/mtjj/202608/t20260810_5991776.shtml,2026-08-10,,自动
hb-zjw,湖北省住房和城乡建设厅,省级,武汉市住房和城市更新局,https://zgj.wuhan.gov.cn/,,,自动
hb-zjw,湖北省住房和城乡建设厅,省级,宜昌市住房和城市更新局,http://zj.yichang.gov.cn/,,,自动
hb-zjw,湖北省住房和城乡建设厅,省级,襄阳市住房和城市更新局,http://szjj.xiangyang.gov.cn/,,,自动
hb-zjw,湖北省住房和城乡建设厅,省级,黄石市住房和城市更新局,http://zjj.huangshi.gov.cn/,,,自动
hb-zjw,湖北省住房和城乡建设厅,省级,十堰市住房和城市更新局,http://zjj.shiyan.gov.cn/,,,自动
hb-zjw,湖北省住房和城乡建设厅,省级,荆州市住房和城市更新局,http://zjj.jingzhou.gov.cn/,,,自动
hb-zjw,湖北省住房和城乡建设厅,省级,荆门市住房和城市更新局,http://zfhcxjsj.jingmen.gov.cn/,,,自动
hb-zjw,湖北省住房和城乡建设厅,省级,鄂州市住房和城市更新局,http://cjw.ezhou.gov.cn/,,,自动
hb-zjw,湖北省住房和城乡建设厅,省级,孝感市住房和城市更新局,http://xgscxjswyh.xiaogan.gov.cn/,,,自动
hb-zjw,湖北省住房和城乡建设厅,省级,黄冈市住房和城市更新局,http://zjw.hg.gov.cn/,,,自动
hb-zjw,湖北省住房和城乡建设厅,省级,咸宁市住房和城市更新局,http://zjj.xianning.gov.cn/,,,自动
hb-zjw,湖北省住房和城乡建设厅,省级,随州市住房和城市更新局,http://zjj.suizhou.gov.cn/,,,自动
hb-zjw,湖北省住房和城乡建设厅,省级,天门市住房和城市更新局,http://www.tianmen.gov.cn/zwgk/bmhxzxxgkml/bm/szfhcxjsj/,,,自动
hb-zjw,湖北省住房和城乡建设厅,省级,潜江市住房和城市更新局,https://www.hbqj.gov.cn/szfhcxjsj/,,,自动
hb-zjw,湖北省住房和城乡建设厅,省级,神农架林区住房和城市更新局,http://zjj.snj.gov.cn/,,,自动
he-zjw,河北省住房和城乡建设厅,省级,城市更新绘就宜居新图景,http://zfcxjst.hebei.gov.cn/hbzjt/xwzx/lbt/101769767048935.html,,,自动
he-zjw,河北省住房和城乡建设厅,省级,我省组织召开城市更新政银企座谈对接会,http://zfcxjst.hebei.gov.cn/hbzjt/xwzx/jsyw/101783042034001.html,2026-07-20,,自动
he-zjw,河北省住房和城乡建设厅,省级,我省因地制宜探索可持续城市更新模式  以空间之“新”承载...,http://zfcxjst.hebei.gov.cn/hbzjt/xwzx/mtgz/101783042033543.html,2026-07-19,,自动
hlj-zjw,黑龙江省住房和城乡建设厅,省级,黑龙江省举办提升城市更新工作能力专题研讨班,http://zfcxjst.hlj.gov.cn/zfcxjst/c114759/202607/c00_31958607.shtml,2026-07,,自动
hn-zjw,河南省住房和城乡建设厅,省级,洛阳：老旧小区装电梯最高补助30万元,http://hnjs.henan.gov.cn/2026/07-24/3378877.html,2026-07-24,,自动
hs-zjw,黄石市住房和城市更新局,市级,房管科组织召开鄂州市住房和城市更新局 赴黄考察学...,http://zjj.huangshi.gov.cn/index2019/zjdt/xydt/202602/t20260209_1307530.html,2026-02-09,,自动
hs-zjw,黄石市住房和城市更新局,市级,推进城市更新 打造“四好”空间 2026-08-03,http://zjj.huangshi.gov.cn/index2019/zjdt/xydt/202608/t20260803_1348051.html,2026-08-03,,自动
hs-zjw,黄石市住房和城市更新局,市级,黄石这一老旧小区即将改造→ 2026-07-09,http://zjj.huangshi.gov.cn/index2019/zjdt/xydt/202607/t20260714_1343069.html,2026-07-09,,自动
hs-zjw,黄石市住房和城市更新局,市级,黄石市住房和城市更新局关于公布2026年度行政规范... 2026-06-24,http://zjj.huangshi.gov.cn/index2019/ztzl/sqxzjcgs/202606/t20260624_1337135.html,2026-06-24,,自动
hs-zjw,黄石市住房和城市更新局,市级,如何高质量推进城市更新 2026-07-29,http://zjj.huangshi.gov.cn/index2019/hdjl_8002/dyjh_8007/202607/t20260729_1346642.html,2026-07-29,,自动
hs-zjw,黄石市住房和城市更新局,市级,城市更新,http://zjj.huangshi.gov.cn/ztlm/csgx/,,,自动
hun-zjw,湖南省住房和城乡建设厅,省级,关于加快推进全省老旧小区充电桩专线接入改造破解新能...,http://zjt.hunan.gov.cn/zjt/hdjl/jytabl/tadfnr/202607/t20260703_34019197.html,2026-07-03,,自动
jl-zjw,吉林省住房和城乡建设厅,省级,全省城镇老旧小区改造 投诉举报电话,http://jst.jl.gov.cn/kzgn/jsdt/202406/t20240614_3205251.html,2024-06-14,,自动
js-zjw,江苏省住房和城乡建设厅,省级,江苏2025年“住有所居”民生实事圆满收官！老旧小区改造、住房保障任务超额完成,http://jsszfhcxjst.jiangsu.gov.cn/art/2025/12/29/art_8637_11702180.html,2025-12-29,,自动
js-zjw,江苏省住房和城乡建设厅,省级,住建部科技司赴江苏开展城市更新工作专题调研,http://jsszfhcxjst.jiangsu.gov.cn/art/2026/7/24/art_8637_11808331.html,2026-07-24,,自动
js-zjw,江苏省住房和城乡建设厅,省级,《关于进一步支持城市更新行动的若干政策措施》新闻发布会,https://www.jiangsu.gov.cn/art/2026/5/21/art_46548_339.html,2026-05-21,,自动
ln-zjw,辽宁省住房和城乡建设厅,省级,建设城市更新先导区专栏,http://zjt.ln.gov.cn/zjt/ztzl10/jscsgxxdqzl/index.shtml,,,自动
ln-zjw,辽宁省住房和城乡建设厅,省级,大连市高质量推进城市更新行动专题培训班开班,http://zjt.ln.gov.cn/zjt/jsyw/2026042316281188095/index.shtml,2026-04-23,,自动
ln-zjw,辽宁省住房和城乡建设厅,省级,人民日报头版：辽宁因地制宜高质量推进城市更新,http://zjt.ln.gov.cn/zjt/jsyw/2026032616110526349/index.shtml,2026-03-23,,自动
mohurd,住房城乡建设部,国家,国务院政策例行吹风会：《城市更新“十五五”规划》有关情况,https://www.mohurd.gov.cn/xinwen/jsyw/art/2026/art_41a4475aa5b0477aa829bb8144104792.html,,,自动
mohurd,住房城乡建设部,国家,“践行人民城市理念　高质量推进城市更新工作”座谈会在上海召开,https://www.mohurd.gov.cn/xinwen/jsyw/art/2026/art_b48c06eb8b2047df816646e17cbd3580.html,2026-07-23,,自动
mohurd,住房城乡建设部,国家,打造高品质生活空间——扎实推进城市更新（上）,https://www.mohurd.gov.cn/xinwen/gzdt/art/2026/art_b304290b638a48dfad929a4892c062ee.html,2026-08-11,,自动
nx-zjw,宁夏回族自治区住房和城乡建设厅,省级,宁报视点丨老旧小区怎样改，才能改到群众心坎上？,https://www.nxrb.cn/nxrb/template/displayTemplate/news/newsDetail/50125/8116326.html?isShare=true,,,自动
sc-zjw,四川省住房和城乡建设厅,省级,涵盖1753个项目！四川发布“十五五”时期首批城市更新...,http://jst.sc.gov.cn/scjst/ct101448/2026/7/29/9de975b10b684c8a8594bf7a6a57420d.shtml,2026-07-29,,自动
sh-ghzyj,市规划资源局,市级,上海城市更新,https://csgx.zjw.sh.gov.cn:10811/,,,自动
shx-zjw,陕西省住房和城乡建设厅,省级,“践行人民城市理念 高质量推进城市更新工作”座谈会在上海召开,http://js.shaanxi.gov.cn/sy/zjzx/zjyw/202607/t20260730_3661719.html,2026-07-30,,自动
suz-zjw,苏州市住房和城乡建设局,市级,市住建局牵头的城中村改造、城镇老...,http://zfcjj.suzhou.gov.cn/szszjj/zxft/202512/9d1f951078154b85b60a87b76eb8783d.shtml,2025-12,,自动
sx-zjw,山西省住房和城乡建设厅,省级,因地制宜、先保基本，扎实推进城市更新行动,http://zjt.shanxi.gov.cn/jsdt/202607/t20260707_10172201.shtml,2026-07-07,,自动
sy-zjw,沈阳市城乡建设局,市级,专家解读·城市更新｜边兰春：有序推进完整社区建设，营造高品质城市生...,https://jw.shenyang.gov.cn/xwzx/202606/t20260622_5044463.html,2026-06-22,,自动
sz-zjj,深圳市住房和建设局,市级,深圳市住房和建设局关于《2026年度老旧小区无障碍通行有关工作跟踪评价及技术指导服务》的采购公告,https://zjj.sz.gov.cn/xxgk/tzgg/content/post_12930374.html,,,自动
ts-zjw,唐山市住房和城乡建设局,市级,我省组织召开城市更新政银企座谈对接会,https://zhujianju.tangshan.gov.cn/tszjj/gzdt/20260723/1651806.html,2026-07-23,,自动
ts-zjw,唐山市住房和城乡建设局,市级,国务院印发《城市更新“十五五”规划》,https://zhujianju.tangshan.gov.cn/tszjj/gzdt/20260603/1649885.html,2026-06-03,,自动
ts-zjw,唐山市住房和城乡建设局,市级,五年实践，唐山城市更新成为全国样本,https://zhujianju.tangshan.gov.cn/tszjj/gzdt/20260506/1648637.html,2026-05-06,,自动
ts-zjw,唐山市住房和城乡建设局,市级,唐山市人民政府关于印发《唐山市城市更新实施办法》的通知,https://zhujianju.tangshan.gov.cn/tszjj/ts_zhujianjuzcwjpc/20251120/1641104.html,2025-11-20,,自动
ts-zjw,唐山市住房和城乡建设局,市级,唐山市召开城镇老旧小区改造工程成果新闻发布会,https://zhujianju.tangshan.gov.cn/tszjj/zjjzhengwufangtan/20250113/1624113.html,2025-01-13,,自动
ts-zjw,唐山市住房和城乡建设局,市级,唐山市召开棚户区改造工程成果新闻发布会,https://zhujianju.tangshan.gov.cn/tszjj/zjjzhengwufangtan/20250113/1624112.html,2025-01-13,,自动
wf-zjw,潍坊市住房和城乡建设局,市级,一图读懂丨城市更新“十五五”规划,https://mp.weixin.qq.com/s/-asRv5WL79RHREVbAVI8Mg,2026-06-05,,自动
wf-zjw,潍坊市住房和城乡建设局,市级,省住建厅来我市调研城镇老旧小区改造及非...,https://jsj.weifang.gov.cn/55341/1306539552.html,2025-08-12,,自动
xa-zjw,西安市住房和城乡建设局,市级,市住建局现场调研城市更新片区建设和闲置资产盘活工作,https://zjj.xa.gov.cn/zw/zfxxgkml/zwxx/gzdt/2086287923612254209.html,2026-08-09,,自动
xa-zjw,西安市住房和城乡建设局,市级,张小波调研城市更新和闲置资产盘活工作并组织召开推进会,https://zjj.xa.gov.cn/zw/zfxxgkml/zwxx/gzdt/2076167310420250625.html,2026-07-12,,自动
xa-zjw,西安市住房和城乡建设局,市级,【物业管理】老旧小区电梯加装的所需资料及办理流程,https://zjj.xa.gov.cn/hd/zcwdk/12345smrxdy/2044609656631418881.html,2026-03-25,,自动
xa-zjw,西安市住房和城乡建设局,市级,西安市住房和城乡建设局西安市自然资源和规划局西安市市场监督管理局西安市财政局西安市城中村（棚户区）改造事务中心关于规范回迁安置房交易管理的通告,https://zjj.xa.gov.cn/zw/zfxxgkml/zwxx/zxtz/2085602483441360898.html,2026-08-07,,自动
xa-zjw,西安市住房和城乡建设局,市级,西安市住房和城乡建设局西安市自然资源和规划局西安市市场监督管理局西安市财政局西安市城中村（棚户区）改造事务中心关于规范回迁安置房交易管理的通告,https://zjj.xa.gov.cn/zw/zfxxgkml/fgwj/bmwj/2085602483441360898.html,,,自动
xa-zjw,西安市住房和城乡建设局,市级,西安市住房和城乡建设局西安市发展和改革委员会西安市市场监督管理局关于印发《西安市超长期特别国债资金支持老旧小区加装电梯工作指引》的通知,https://zjj.xa.gov.cn/zw/zfxxgkml/fgwj/bmwj/2070323142189416449.html,,,自动
xj-zjw,新疆维吾尔自治区住房和城乡建设厅,省级,新疆出台23项重点措施支持实施城市更新行动,https://tnews.xjmty.com/app/slyapp/sh/202605/t20260515_34463510.html?cid=34463510&sid=149&ctype=article&uid=ONAMPSWbId,2026-05-15,,自动
yn-zjw,云南省住房和城乡建设厅,省级,四部门解读《城市更新“十五五”规划》,https://zfcxjst.yn.gov.cn/yaowenbobao/492390.html,,,自动
zj-zjw,浙江省住房和城乡建设厅,省级,2026年全省城市更新工作培训班在杭州举行,http://jst.zj.gov.cn/col/col1569971/art/2026/art_80c66a837fa1435c80769752cc908447.html,,,自动
zj-zjw,浙江省住房和城乡建设厅,省级,省建设厅 省自然资源厅《关于进一步支持城市更新行动若干措施的...,http://jst.zj.gov.cn/api-gateway/jpaas-jsurvey-web-server/front/dczj/showJsurveys.do?formId=a8bec77fb1724c238f9528cd8be1b803,2026-07-16,,自动
